LC,PA_rank_rev.trend,lower.HPD,upper.HPD,fns,scale,Group_function,scale_icon,significance
Dryland,1.2802571747982938e-4,-5.282211304376e-4,7.429960151341675e-4,Bac_JaccDist_av,global,Dissimilarity,<img src='figures/icon_earth-globe-with-continents-maps.png' width='70'>,ns
Dryland,-5.066841318921433e-4,-0.01536892952174184,0.01360674988131904,Bac_shannonDiv,global,Shannon,<img src='figures/icon_earth-globe-with-continents-maps.png' width='70'>,ns
Cropland,-7.643434265105498e-4,-3.790393522479292,4.098191001694431,Bac_shannonDiv,continental,Shannon,<img src='figures/icon_location-black.png' width='70'>,ns
Woodland,8.50178906343757e-4,-2.156628088498337,1.9503161863277685,Pathogen_control,continental,Function,<img src='figures/icon_location-black.png' width='70'>,ns
Grassland,9.212556534805572e-4,-2.8196813484817653,2.863081061781145,Fungi_shannonDiv,regional,Shannon,<img src='figures/icon_flag-Portugal.png' width='70'>,ns
Woodland,0.00130851657205965,-1.16614405827562,1.1941144788995643,Invertebrate_JaccDist_av,regional,Dissimilarity,<img src='figures/icon_flag-Portugal.png' width='70'>,ns
Woodland,-0.00196116518475264,-2.763544641772455,2.761002023968331,Bac_shannonDiv,regional,Shannon,<img src='figures/icon_flag-Portugal.png' width='70'>,ns
Cropland,0.00254840612360496,-4.235313756747701,4.441796999728467,Nutrient_service,regional,Function,<img src='figures/icon_flag-Portugal.png' width='70'>,ns
Woodland,-0.00379831011389608,-0.9832245974434954,1.1008660458472832,Protist_JaccDist_av,regional,Dissimilarity,<img src='figures/icon_flag-Portugal.png' width='70'>,ns
Grassland,-0.00416395572420924,-3.033465152773033,3.734341152790421,Fungi_shannonDiv,continental,Shannon,<img src='figures/icon_location-black.png' width='70'>,ns
Grassland,-0.00482482492441249,-4.2539725376134925,3.7869774341027096,Soil_stability_service,continental,Function,<img src='figures/icon_location-black.png' width='70'>,ns
Cropland,-0.00505150044507551,-3.3581634707654757,3.611630320010931,Nutrient_service,continental,Function,<img src='figures/icon_location-black.png' width='70'>,ns
Grassland,-0.00568239102994772,-3.591380217009658,3.577865034136039,Nutrient_service,continental,Function,<img src='figures/icon_location-black.png' width='70'>,ns
Woodland,0.00651697000897399,-2.234281862294182,2.277978281312471,Fungi_shannonDiv,regional,Shannon,<img src='figures/icon_flag-Portugal.png' width='70'>,ns
Cropland,-0.00671436492298838,-3.2285837963685253,2.872809952509158,OM_decomposition_service,continental,Function,<img src='figures/icon_location-black.png' width='70'>,ns
Woodland,0.00696854949947578,-3.818799471272726,3.6858216944413584,Soil_stability_service,continental,Function,<img src='figures/icon_location-black.png' width='70'>,ns
Grassland,0.00848536780202913,-2.1691797182635355,2.277232420057885,Pathogen_control,continental,Function,<img src='figures/icon_location-black.png' width='70'>,ns
Grassland,-0.00915994675230535,-1.335531489401177,1.3357605336230955,Protist_JaccDist_av,regional,Dissimilarity,<img src='figures/icon_flag-Portugal.png' width='70'>,ns
Woodland,-0.01009621125159476,-2.1301608514781947,1.8561219489487255,Pathogen_control,regional,Function,<img src='figures/icon_flag-Portugal.png' width='70'>,ns
Woodland,-0.01216102917308248,-1.2487719289464962,1.1940151144429478,Fungi_JaccDist_av,regional,Dissimilarity,<img src='figures/icon_flag-Portugal.png' width='70'>,ns
Grassland,-0.01350698363279967,-2.9500711010377927,3.2945540158543736,Bac_JaccDist_av,continental,Dissimilarity,<img src='figures/icon_location-black.png' width='70'>,ns
Grassland,-0.01352821916279367,-3.9641665245235345,4.120546893270102,Bac_shannonDiv,continental,Shannon,<img src='figures/icon_location-black.png' width='70'>,ns
Grassland,-0.01364660295268649,-4.102060690418966,4.182759627480664,Nutrient_service,regional,Function,<img src='figures/icon_flag-Portugal.png' width='70'>,ns
Cropland,0.01463643422849081,-1.40610454833201,1.6046504734570135,Protist_JaccDist_av,regional,Dissimilarity,<img src='figures/icon_flag-Portugal.png' width='70'>,ns
Grassland,0.02131095319972331,-1.485609265144234,1.7327221333565603,Invertebrate_JaccDist_av,regional,Dissimilarity,<img src='figures/icon_flag-Portugal.png' width='70'>,ns
Cropland,0.02141406614815366,-0.8676110812701978,0.852837254755741,Invertebrate_JaccDist_av,continental,Dissimilarity,<img src='figures/icon_location-black.png' width='70'>,ns
Woodland,0.02177737271562918,-3.59224468769753,3.43308895785043,Nutrient_service,continental,Function,<img src='figures/icon_location-black.png' width='70'>,ns
Woodland,-0.02186530517627716,-3.1726305904032372,3.1036806144913953,Fungi_shannonDiv,continental,Shannon,<img src='figures/icon_location-black.png' width='70'>,ns
Cropland,0.02278489594205446,-4.9400768381710805,3.3138252271367037,Soil_stability_service,continental,Function,<img src='figures/icon_location-black.png' width='70'>,ns
Grassland,0.02333441855446949,-3.4206017169907454,3.52226070043821,OM_decomposition_service,continental,Function,<img src='figures/icon_location-black.png' width='70'>,ns
Grassland,0.02391424198705749,-1.60243641270921,2.3130063593467867,Fungi_JaccDist_av,regional,Dissimilarity,<img src='figures/icon_flag-Portugal.png' width='70'>,ns
Grassland,0.02431881609032871,-8.399518442652266,6.072851523751524,Arbuscularmycorrhizal_richness,continental,Richness,<img src='figures/icon_location-black.png' width='70'>,ns
Cropland,-0.02560312930211239,-3.819130100784605,3.82033725865233,Bac_shannonDiv,regional,Shannon,<img src='figures/icon_flag-Portugal.png' width='70'>,ns
Woodland,0.02745330984244276,-3.0156375054282307,2.946429872150361,Soil_stability_service,regional,Function,<img src='figures/icon_flag-Portugal.png' width='70'>,ns
Grassland,0.027969690307998,-2.646993334535864,4.524258265166054,Protist_shannonDiv,regional,Shannon,<img src='figures/icon_flag-Portugal.png' width='70'>,ns
Cropland,-0.02979623894111682,-3.5771365821868244,3.221753869883514,Protist_shannonDiv,regional,Shannon,<img src='figures/icon_flag-Portugal.png' width='70'>,ns
Cropland,-0.0300153992890344,-1.2611985016719984,1.3555600761167028,Invertebrate_JaccDist_av,regional,Dissimilarity,<img src='figures/icon_flag-Portugal.png' width='70'>,ns
Cropland,-0.0304341057436801,-1.4738486213219917,2.0186446197322994,Pathogen_control,regional,Function,<img src='figures/icon_flag-Portugal.png' width='70'>,ns
Cropland,0.03243032614723518,-4.069549130339055,4.791935867420079,Ectomycorrhizal_richness,regional,Richness,<img src='figures/icon_flag-Portugal.png' width='70'>,ns
Grassland,0.03370720448258879,-2.320282963633531,2.4655201888026568,Bac_JaccDist_av,regional,Dissimilarity,<img src='figures/icon_flag-Portugal.png' width='70'>,ns
Woodland,-0.03374637022288418,-3.2060290124516087,2.9175620312904584,Nutrient_service,regional,Function,<img src='figures/icon_flag-Portugal.png' width='70'>,ns
Cropland,-0.03562209044980591,-2.4846332117462,1.9841916316192396,Pathogen_control,continental,Function,<img src='figures/icon_location-black.png' width='70'>,ns
Grassland,-0.03591555450009309,-3.82374339498017,3.725819669419707,Bac_shannonDiv,regional,Shannon,<img src='figures/icon_flag-Portugal.png' width='70'>,ns
Grassland,0.03673829133546214,-3.9113087292514592,4.07135444328901,Soil_stability_service,regional,Function,<img src='figures/icon_flag-Portugal.png' width='70'>,ns
Cropland,-0.04117389424545337,-1.6556741259850014,1.461835319407669,Fungi_JaccDist_av,regional,Dissimilarity,<img src='figures/icon_flag-Portugal.png' width='70'>,ns
Woodland,-0.0456225937556276,-3.020628071496617,2.9170594105548844,OM_decomposition_service,continental,Function,<img src='figures/icon_location-black.png' width='70'>,ns
Woodland,0.04664429179382523,-3.9342158884687617,3.877868248687264,Bac_shannonDiv,continental,Shannon,<img src='figures/icon_location-black.png' width='70'>,ns
Cropland,-0.04903209318251811,-3.4227729917259992,3.2550330810959167,Fungi_shannonDiv,continental,Shannon,<img src='figures/icon_location-black.png' width='70'>,ns
Cropland,-0.05242224769376946,-3.0232543262808065,3.212146060547638,Protist_shannonDiv,continental,Shannon,<img src='figures/icon_location-black.png' width='70'>,ns
Woodland,0.05304950375204953,-2.3967182538953153,2.501184215710964,Protist_shannonDiv,regional,Shannon,<img src='figures/icon_flag-Portugal.png' width='70'>,ns
Cropland,0.05310207279417334,-1.0938218783687716,0.9587934118885072,Fungi_JaccDist_av,continental,Dissimilarity,<img src='figures/icon_location-black.png' width='70'>,ns
Grassland,0.05347476589192013,-4.053705106876237,4.5479050637404725,Invertebrate_shannonDiv,continental,Shannon,<img src='figures/icon_location-black.png' width='70'>,ns
Cropland,-0.05885241286213727,-1.8437252655537577,2.0702356424982327,Bac_JaccDist_av,continental,Dissimilarity,<img src='figures/icon_location-black.png' width='70'>,ns
Cropland,0.05953797909438663,-2.422632255452811,5.542492385302467,Invertebrate_shannonDiv,regional,Shannon,<img src='figures/icon_flag-Portugal.png' width='70'>,ns
Grassland,-0.06018725622762844,-1.2724198731841057,0.5818789769576256,Invertebrate_JaccDist_av,continental,Dissimilarity,<img src='figures/icon_location-black.png' width='70'>,ns
Woodland,-0.06537511290986231,-1.797683568499906,0.5436116262816313,Invertebrate_JaccDist_av,continental,Dissimilarity,<img src='figures/icon_location-black.png' width='70'>,ns
Cropland,-0.07091588300235685,-7.250622877887679,3.432030246088061,Invertebrate_shannonDiv,continental,Shannon,<img src='figures/icon_location-black.png' width='70'>,ns
Woodland,-0.0736809016861173,-3.329433361357701,1.2078489390723917,Fungi_JaccDist_av,continental,Dissimilarity,<img src='figures/icon_location-black.png' width='70'>,ns
Grassland,0.07638905571693044,-3.531982312765109,3.08751371924086,Protist_shannonDiv,continental,Shannon,<img src='figures/icon_location-black.png' width='70'>,ns
Woodland,-0.07763632277984378,-2.5061038937024023,2.235731966452363,Invertebrate_shannonDiv,regional,Shannon,<img src='figures/icon_flag-Portugal.png' width='70'>,ns
Woodland,-0.08007742663061101,-2.235391256926391,1.298113681839368,Protist_JaccDist_av,continental,Dissimilarity,<img src='figures/icon_location-black.png' width='70'>,ns
Woodland,0.08062417222438967,-1.5484742817777717,1.8313188091166808,Bac_JaccDist_av,regional,Dissimilarity,<img src='figures/icon_flag-Portugal.png' width='70'>,ns
Cropland,0.08065829647773626,-3.117949591608294,3.036203814792998,Fungi_shannonDiv,regional,Shannon,<img src='figures/icon_flag-Portugal.png' width='70'>,ns
Cropland,-0.08246436016975167,-13.015730112463586,22.365676723265096,Nematode_richness,continental,Richness,<img src='figures/icon_location-black.png' width='70'>,ns
Woodland,-0.08300840538686316,-16.234458064685583,15.837416531696364,Nematode_richness,continental,Richness,<img src='figures/icon_location-black.png' width='70'>,ns
Cropland,-0.09105873662113596,-3.463004533758862,3.2198948898807203,Bac_JaccDist_av,regional,Dissimilarity,<img src='figures/icon_flag-Portugal.png' width='70'>,ns
Woodland,0.0979907971146865,-4.288561761704102,4.29971848739882,Invertebrate_shannonDiv,continental,Shannon,<img src='figures/icon_location-black.png' width='70'>,ns
Cropland,0.11490096246507164,-7.127933314722895,8.753069676231007,Arbuscularmycorrhizal_richness,continental,Richness,<img src='figures/icon_location-black.png' width='70'>,ns
Woodland,-0.11493704447323694,-3.2674321637712183,2.513550914188727,Arbuscularmycorrhizal_richness,regional,Richness,<img src='figures/icon_flag-Portugal.png' width='70'>,ns
Grassland,0.12333477200678544,-3.532490495734578,2.577000550903904,Invertebrate_shannonDiv,regional,Shannon,<img src='figures/icon_flag-Portugal.png' width='70'>,ns
Cropland,0.12375302103191645,-8.45065829823261,6.874683993040435,Decomposer_richness,regional,Richness,<img src='figures/icon_flag-Portugal.png' width='70'>,ns
Grassland,0.1360848741926333,-0.5341189539219044,1.109564486553495,Fungi_JaccDist_av,continental,Dissimilarity,<img src='figures/icon_location-black.png' width='70'>,ns
Cropland,-0.14137603645075103,-4.234536090945539,4.276809968031046,Arbuscularmycorrhizal_richness,regional,Richness,<img src='figures/icon_flag-Portugal.png' width='70'>,ns
Grassland,-0.15079871910197795,-2.6374201719908115,2.4319314329865165,Pathogen_control,regional,Function,<img src='figures/icon_flag-Portugal.png' width='70'>,ns
Grassland,0.15160945988645835,-16.510482060039067,21.54011495071495,Nematode_richness,continental,Richness,<img src='figures/icon_location-black.png' width='70'>,ns
Woodland,-0.15164396828851068,-7.46262409968142,2.3414152155191914,Protist_shannonDiv,continental,Shannon,<img src='figures/icon_location-black.png' width='70'>,ns
Woodland,-0.1546979301464404,-3.936751364102861,3.294369635384328,Soil_carbon_service,regional,Function,<img src='figures/icon_flag-Portugal.png' width='70'>,ns
Cropland,-0.17818302738291436,-4.229124630290812,4.156829176669021,Soil_stability_service,regional,Function,<img src='figures/icon_flag-Portugal.png' width='70'>,ns
Woodland,0.188908389088283,-16.84237319481241,16.313947958958124,Invertebrate_richness,regional,Richness,<img src='figures/icon_flag-Portugal.png' width='70'>,ns
Grassland,-0.1997992670452504,-4.697263951891728,3.376329817988335,Arbuscularmycorrhizal_richness,regional,Richness,<img src='figures/icon_flag-Portugal.png' width='70'>,ns
Woodland,0.21956122787685217,-5.005055251276644,5.116992636893883,Decomposer_richness,regional,Richness,<img src='figures/icon_flag-Portugal.png' width='70'>,ns
Grassland,-0.22333957955197548,-1.4701033571520554,0.6867086081745128,Protist_JaccDist_av,continental,Dissimilarity,<img src='figures/icon_location-black.png' width='70'>,ns
Woodland,-0.2239064581653878,-8.31313790598324,5.694080939158994,Arbuscularmycorrhizal_richness,continental,Richness,<img src='figures/icon_location-black.png' width='70'>,ns
Grassland,0.2701902968542811,-8.395317491944752,5.689373021160463,Soil_carbon_service,regional,Function,<img src='figures/icon_flag-Portugal.png' width='70'>,ns
Cropland,-0.2715381613133445,-5.706394950331969,4.260383038064674,Soil_carbon_service,regional,Function,<img src='figures/icon_flag-Portugal.png' width='70'>,ns
Woodland,-0.2841418771122477,-2.474736564880459,1.5888906279837016,Bac_JaccDist_av,continental,Dissimilarity,<img src='figures/icon_location-black.png' width='70'>,ns
Woodland,-0.2898778418803829,-4.056432232068573,1.8791853060574797,OM_decomposition_service,regional,Function,<img src='figures/icon_flag-Portugal.png' width='70'>,ns
Woodland,0.291670915473901,-3.006477320553472,4.504419478299496,Ectomycorrhizal_richness,regional,Richness,<img src='figures/icon_flag-Portugal.png' width='70'>,ns
Grassland,0.338256730387684,-15.607500533104997,15.300651678580834,Nematode_richness,regional,Richness,<img src='figures/icon_flag-Portugal.png' width='70'>,ns
Cropland,-0.35617798859170335,-1.346297120437583,0.18990066829047691,Protist_JaccDist_av,continental,Dissimilarity,<img src='figures/icon_location-black.png' width='70'>,ns
Grassland,0.35988386833487596,-3.8262682870879416,4.798348852101071,Ectomycorrhizal_richness,regional,Richness,<img src='figures/icon_flag-Portugal.png' width='70'>,ns
Grassland,0.36303396594883,-6.928447015708684,7.237724750002144,Decomposer_richness,regional,Richness,<img src='figures/icon_flag-Portugal.png' width='70'>,ns
Cropland,-0.3693867616667532,-3.215899907512494,3.1583380523151163,OM_decomposition_service,regional,Function,<img src='figures/icon_flag-Portugal.png' width='70'>,ns
Grassland,0.4530456118313566,-2.2237554433004334,10.735368459568916,OM_decomposition_service,regional,Function,<img src='figures/icon_flag-Portugal.png' width='70'>,ns
Grassland,-0.4537444920515554,-29.54326492067952,29.97421567946003,Invertebrate_richness,continental,Richness,<img src='figures/icon_location-black.png' width='70'>,ns
Cropland,0.47603233164409176,-179.5422046928934,173.4779489642824,Fungi_richness,continental,Richness,<img src='figures/icon_location-black.png' width='70'>,ns
Woodland,0.47809115000245583,-8.669998347310866,23.635642502757037,Nematode_richness,regional,Richness,<img src='figures/icon_flag-Portugal.png' width='70'>,ns
Woodland,-0.5009222514645444,-179.98152299261164,167.28149165840296,Fungi_richness,continental,Richness,<img src='figures/icon_location-black.png' width='70'>,ns
Grassland,0.5424931493325857,-18.23465607897151,15.790468465853335,Decomposer_richness,continental,Richness,<img src='figures/icon_location-black.png' width='70'>,ns
Cropland,-0.6133438046508672,-183.94769915195863,184.20511541020824,Protist_richness,continental,Richness,<img src='figures/icon_location-black.png' width='70'>,ns
Grassland,-0.8009062863396252,-8.833006708173684,4.986009097897295,Ectomycorrhizal_richness,continental,Richness,<img src='figures/icon_location-black.png' width='70'>,ns
Grassland,0.9006256754746573,-71.74296439970362,66.25361906666512,Fungi_richness,regional,Richness,<img src='figures/icon_flag-Portugal.png' width='70'>,ns
Cropland,-0.9146431035057958,-9.890149220995,3.912568992447632,Ectomycorrhizal_richness,continental,Richness,<img src='figures/icon_location-black.png' width='70'>,ns
Woodland,-0.9201152346224716,-10.738897906371392,3.660989551707644,Ectomycorrhizal_richness,continental,Richness,<img src='figures/icon_location-black.png' width='70'>,ns
Grassland,1.024047200199675,-22.02830650125884,31.033475409018138,Invertebrate_richness,regional,Richness,<img src='figures/icon_flag-Portugal.png' width='70'>,ns
Cropland,1.1001421164228304,-16.989355900168448,15.17820849026566,Decomposer_richness,continental,Richness,<img src='figures/icon_location-black.png' width='70'>,ns
Cropland,-1.1499031340708823,-17.40081642614473,14.75431448530071,Nematode_richness,regional,Richness,<img src='figures/icon_flag-Portugal.png' width='70'>,ns
Cropland,-1.1978326343214576,-69.8784368049096,75.30901464979979,Fungi_richness,regional,Richness,<img src='figures/icon_flag-Portugal.png' width='70'>,ns
Cropland,-1.4348898112691586,-35.48149278275136,18.81876348718015,Soil_carbon_service,continental,Function,<img src='figures/icon_location-black.png' width='70'>,ns
Woodland,1.488033938643639,-28.16433806958139,26.98005754992846,Invertebrate_richness,continental,Richness,<img src='figures/icon_location-black.png' width='70'>,ns
Grassland,-1.6021356185119655,-193.16117090548323,200.44628861885576,Protist_richness,regional,Richness,<img src='figures/icon_flag-Portugal.png' width='70'>,ns
Grassland,1.7475815120160405,-184.62424365053084,174.1897021843688,Fungi_richness,continental,Richness,<img src='figures/icon_location-black.png' width='70'>,ns
Grassland,1.7805215497821791,-25.467794630082608,24.561376598794595,Soil_carbon_service,continental,Function,<img src='figures/icon_location-black.png' width='70'>,ns
Grassland,-1.7964622594881805,-907.9930077079916,906.7280168172438,Bac_richness,regional,Richness,<img src='figures/icon_flag-Portugal.png' width='70'>,ns
Woodland,-2.057225252657645,-17.754040138797336,13.20079148480272,Decomposer_richness,continental,Richness,<img src='figures/icon_location-black.png' width='70'>,ns
Cropland,-2.1057055415717514,-23.97265443424249,19.680404308939615,Invertebrate_richness,regional,Richness,<img src='figures/icon_flag-Portugal.png' width='70'>,ns
Woodland,2.118506726317719,-46.08513955186936,55.83599958989362,Fungi_richness,regional,Richness,<img src='figures/icon_flag-Portugal.png' width='70'>,ns
Cropland,-2.518908912500138,-38.63290791601503,21.584510470353052,Invertebrate_richness,continental,Richness,<img src='figures/icon_location-black.png' width='70'>,ns
Woodland,-2.5636264849740655,-33.32322686418411,26.186475274245826,Soil_carbon_service,continental,Function,<img src='figures/icon_location-black.png' width='70'>,ns
Cropland,-2.8492229908588342,-517.6910073133186,495.4256753537338,Bac_richness,continental,Richness,<img src='figures/icon_location-black.png' width='70'>,ns
Dryland,4.253228566638427,-24.583485387614928,32.44557831576094,Bac_richness,global,Richness,<img src='figures/icon_earth-globe-with-continents-maps.png' width='70'>,ns
Grassland,-4.406344611939858,-179.9121963903326,171.03744785706294,Protist_richness,continental,Richness,<img src='figures/icon_location-black.png' width='70'>,ns
Woodland,4.433063408247108,-169.90133424990563,161.45712733372784,Protist_richness,continental,Richness,<img src='figures/icon_location-black.png' width='70'>,ns
Cropland,-6.8361222943131,-153.7818066812688,319.67890261273715,Protist_richness,regional,Richness,<img src='figures/icon_flag-Portugal.png' width='70'>,ns
Woodland,-9.540520871421904,-167.01159078293426,120.6017536646832,Protist_richness,regional,Richness,<img src='figures/icon_flag-Portugal.png' width='70'>,ns
Grassland,-15.052390099488548,-521.507214859419,537.54345442855265,Bac_richness,continental,Richness,<img src='figures/icon_location-black.png' width='70'>,ns
Woodland,45.690930721815675,-408.8839308702445,590.9430518327863,Bac_richness,continental,Richness,<img src='figures/icon_location-black.png' width='70'>,ns
Woodland,46.33500224351883,-475.44465742853936,1094.795910911751,Bac_richness,regional,Richness,<img src='figures/icon_flag-Portugal.png' width='70'>,ns
Cropland,-105.15773570828604,-902.2495552473702,1007.3728908876656,Bac_richness,regional,Richness,<img src='figures/icon_flag-Portugal.png' width='70'>,ns
